,dihedral_angle_-C(=O)O,nN,dihedral_angle_CHF2,nO,nAHRing,dihedral_angle_-N,avg_atoms_in_cycle,nFRing,tpsa+f,amount_of_-O,amount_of_CH2F,naRing,PNSA5,nC,RPCS,mol_num_cycles,dihedral_angle_CF3,PBF,nHRing,amount_of_-C(=O)O,nFaRing,dihedral_angle_-O,dihedral_angle_gem-CF2,FPSA3,dihedral_angle_CH2F,amount_of_CHF,mol_volume,amount_of_=O,dihedral_angle_CHF,PPSA5,f_freedom,dihedral_angle_=O,nFAHRing,amount_of_CF3,TASA,nFaHRing,naHRing,chirality,nFHRing,amount_of_-N,nARing,amount_of_CHF2,nFARing,f_atom_fraction,dihedral_angle_non-F,GeomShapeIndex,f_to_fg,dipole_moment,linear_distance,amount_of_gem-CF2,cis/trans,logP
0,-1.047169718273591,0,0.0,2,0,0.0,6.0,0,39.3,1,0,0,-28.942682930343423,7,20.92354236027572,1,0.0,0.599067910401728,0,1,0,2.700443894613638,-3.11895301003198,0.0430794092975522,0.0,0,139.38,1,0.0,14.226839517068862,0,0,0,0,150.0873028897533,0,0,0,0,0,1,0,0,0.2857142857142857,0,0.9480105509355536,2.0,0,3.09,2,0,2.63
1,3.141505535533642,0,0.0,2,0,0.0,6.0,0,37.3,1,0,0,-13.67650885498967,7,16.72072983778262,1,0.0,0.5807023453619089,0,1,0,2.4899603467143607,0.0,0.0464530009514433,0.0,0,128.86,1,0.0,13.888097806258338,1,0,0,0,201.0448698508611,0,0,0,0,0,1,0,0,0.0,0,0.8478666217071501,0.0,0,3.0,0,0,2.88
2,-1.0381545116487485,0,0.0,2,0,0.0,3.0,1,37.3,1,0,0,-13.789063102038476,7,15.19776352121602,2,0.0,0.8125037251509408,0,1,0,2.695191615685702,0.0,0.0470225025317011,0.0,0,122.04,1,0.0,14.422664217950029,1,0,0,0,196.99423106010576,0,0,3,0,0,2,0,1,0.0,0,0.7124144704595539,0.0,0,2.91,0,2,2.87
3,3.141540467386015,0,0.0,2,0,0.0,3.0,1,37.3,1,0,0,-14.420449795431498,7,17.778515817271572,2,0.0,0.6311312957986083,0,1,0,-2.658383835136481,0.0,0.0476128489000869,0.0,0,122.34,1,0.0,14.472009242508014,1,0,0,0,195.3931004192692,0,0,3,0,0,2,0,1,0.0,0,0.8294732222987803,0.0,0,2.98,0,1,2.92
4,3.14155965447262,0,0.0,2,0,0.0,3.0,1,39.3,1,0,0,-29.793930518103025,7,20.595645569371552,2,0.0,0.7964923245058986,0,1,0,2.81633388971396,-0.2417991379457901,0.0451859207676332,0.0,0,132.52,1,0.0,14.92007473347024,0,0,0,0,137.36441803106385,0,0,3,0,0,2,0,1,0.2857142857142857,0,0.8004850388878918,2.0,0,2.98,2,1,2.37
5,-3.1415814484840845,0,0.0,2,0,0.0,3.0,1,39.3,1,0,0,-30.891759065232336,7,21.43438226676678,2,0.0,0.6888651599721769,0,1,0,-3.106820134724435,-0.3230803429484707,0.0450266280175609,0.0,0,132.44,1,0.0,14.721238775781188,0,0,0,0,132.84022962466886,0,0,3,0,0,2,0,1,0.2857142857142857,0,0.8798207937895168,2.0,0,3.01,2,2,2.88
6,-6.894852053957638e-06,0,0.0,2,0,0.0,4.0,0,37.3,1,0,0,-17.451691745402464,5,15.75301298750428,1,0.0,0.7016151882984124,0,1,0,0.5325103696608677,0.0,0.051031935789697,0.0,0,97.78,1,0.0,13.637049631458243,1,0,0,0,161.86023699331497,0,0,0,0,0,1,0,0,0.0,0,0.6663346346635648,0.0,0,2.61,0,0,2.26
7,2.0858579268429494,0,0.0,2,0,0.0,4.0,0,38.3,1,1,0,-23.565672771545703,6,9.852651933957173,1,0.0,0.7914635855727886,0,1,0,-0.1362476737704978,0.0,0.0464656204985072,3.141566726128255,0,119.68,1,0.0,14.533090158481006,1,0,0,0,160.0972577919836,0,0,0,0,0,1,0,0,0.1666666666666666,0,0.7681413255079723,1.0,0,2.83,0,0,1.88
8,2.094611683617512,0,1.047232799896583,2,0,0.0,4.0,0,39.3,1,0,0,-27.809313509685875,6,7.774418116543112,1,0.0,0.8125898153874634,0,1,0,0.6573317330455928,0.0,0.0433798439352485,0.0,0,124.94,1,0.0,16.052588504511426,1,0,0,0,139.05925564526103,0,0,0,0,0,1,1,0,0.3333333333333333,0,0.6778624096432074,1.0,0,2.84,0,0,2.19
9,2.094241369483799,0,0.0,2,0,0.0,4.0,0,40.3,1,0,0,-30.412560021121227,6,0.7873815420224571,1,1.0472055614627007,0.7973793418068543,0,1,0,-0.4791657458026193,0.0,0.03581643481686,0.0,0,130.12,1,0.0,15.967207934441143,0,0,0,1,212.04828115840883,0,0,0,0,0,1,0,0,0.5,0,0.767759046938773,1.0,-1,2.87,0,0,2.51
10,1.0469513198218106,0,0.0,2,0,0.0,4.0,0,40.3,1,0,0,-35.97156180758108,6,0.4716831759309227,1,-1.0471543620596608,0.6540065210074811,0,1,0,-2.832206407223417,0.0,0.0385267254074045,0.0,0,130.94,1,0.0,14.005185797441891,0,0,0,1,213.6383729604581,0,0,0,0,0,1,0,0,0.5,0,0.6229457006751816,2.0,-1,2.95,0,2,3.02
11,-1.0469991399586316,0,0.0,2,0,0.0,4.0,0,40.3,1,0,0,-35.65114514201758,6,0.1572277253103075,1,3.141023547289894,0.658894080991424,0,1,0,-2.562891334082089,0.0,0.0401965472906642,0.0,0,130.94,1,0.0,14.741419717272937,0,0,0,1,212.6672017056574,0,0,0,0,0,1,0,0,0.5,0,0.8575613232397992,2.0,-1,3.02,0,1,2.72
12,-3.1414508421133016,0,3.141581597726989,2,0,0.0,4.0,0,39.3,1,0,0,-32.42283291856772,6,22.354959514561923,1,0.0,0.6969982506556,0,1,0,2.718409012939282,0.0,0.048722222343033,0.0,0,124.89,1,0.0,14.455130491128031,1,0,0,0,124.20217726081256,0,0,0,0,0,1,1,0,0.3333333333333333,0,0.6982012865406237,2.0,0,2.96,0,2,2.39
13,3.141572393434493,0,-3.1415921220753744,2,0,0.0,4.0,0,39.3,1,0,0,-33.836905028895885,6,24.2335275409957,1,0.0,0.6085284906583982,0,1,0,2.7224694140883834,0.0,0.0468370215273792,0.0,0,125.1,1,0.0,14.444846405010235,1,0,0,0,119.61213340278243,0,0,0,0,0,1,1,0,0.3333333333333333,0,0.7472505352559793,2.0,-1,3.0,0,1,2.23
14,1.0473991575320298,0,0.0,2,0,0.0,4.0,0,38.3,1,1,0,-23.14241982800826,6,18.81293691908742,1,0.0,0.7566788021710624,0,1,0,3.022292038631274,0.0,0.0500896185403708,-3.141584774986353,0,120.02,1,0.0,14.7434613912726,1,0,0,0,151.95387106950585,0,0,0,0,0,1,0,0,0.1666666666666666,0,0.7369852285984115,2.0,0,2.93,0,2,2.14
15,1.0497965992503846,0,0.0,2,0,0.0,4.0,0,38.3,1,1,0,-23.550265972435845,6,19.88092023763824,1,0.0,0.7100627643370322,0,1,0,2.544732510692986,0.0,0.0501258735177767,3.1415898772255035,0,120.08,1,0.0,14.836270197587274,1,0,0,0,150.96746505690336,0,0,0,0,0,1,0,0,0.1666666666666666,0,0.7497014588675519,2.0,0,2.92,0,1,1.96
16,0.7235810560070509,0,0.0,2,0,0.0,3.0,0,39.3,1,0,0,-43.36695442587725,4,27.43817898381783,1,0.0,0.6237485624296953,0,1,0,-2.503684967252626,1.992184471161959,0.0518944682075491,0.0,0,94.8,1,0.0,15.647511650698288,0,0,0,0,74.18413824352477,0,0,0,0,0,1,0,0,0.5,0,0.5974848859274101,2.0,-1,2.54,2,0,2.07
17,-1.4590801629746144,0,0.0,2,0,0.0,4.0,0,39.3,1,0,0,-33.89223604263279,5,19.173011894719075,1,0.0,0.7071626712579546,0,1,0,2.723210454253065,-1.4969699216530727,0.0451671028694868,0.0,0,108.14,1,0.0,14.973170172284703,0,0,0,0,108.9384863248536,0,0,0,0,0,1,0,0,0.4,0,0.6783905539619974,2.0,-1,2.66,2,0,2.03
19,1.041605104532398,0,0.0,2,0,0.0,5.0,0,39.3,1,0,0,-29.050345611389066,6,18.911509222439424,1,0.0,0.7594846882172082,0,1,0,-2.460839498266499,-0.3578920380557549,0.0425811859490791,0.0,0,123.51,1,0.0,15.180190460346552,0,0,0,0,135.55657649332557,0,0,0,0,0,1,0,0,0.3333333333333333,0,0.7432703191313329,2.0,-1,2.84,2,0,2.25
20,-3.141573270239552,0,0.0,2,0,0.0,5.0,0,39.3,1,0,0,-35.99139820379941,6,23.959083180570563,1,0.0,0.6110579242547812,0,1,0,-2.91015725452314,1.7109603997485026,0.0439471474020902,0.0,0,123.45,1,0.0,13.206248345831114,0,0,0,0,120.1292670855177,0,0,0,0,0,1,0,0,0.3333333333333333,0,0.9212469923616556,2.0,-1,2.88,2,0,2.5
21,1.047795988294247,0,0.0,2,0,0.0,6.0,0,39.3,1,0,0,-24.95173561988011,7,23.50671740750368,1,0.0,0.6207785552918198,0,1,0,2.7639424823057617,-0.7503217990624248,0.0433647072309179,0.0,0,138.74,1,0.0,15.919944567693657,0,0,0,0,158.31308881860684,0,0,0,0,0,1,0,0,0.2857142857142857,0,0.8567741221390269,2.0,0,3.05,2,0,2.5
23,-1.0464165992487358,0,0.0,2,0,0.0,7.0,0,39.3,1,0,0,-23.252160016889395,8,6.146965759162364,1,0.0,0.8478883846511579,0,1,0,3.03045517779046,0.436558729023826,0.0384648840094387,0.0,0,154.06,1,0.0,15.628378678838564,0,0,0,0,182.06296389139644,0,0,0,0,0,1,0,0,0.25,0,0.7102688409030519,1.0,0,3.15,2,0,2.9
24,-1.0471259250694889,0,0.0,2,0,0.0,7.0,0,39.3,1,0,0,-27.076422683959528,8,7.145423127159609,1,0.0,0.7361649905506692,0,1,0,-2.687776686168997,2.98686463084501,0.0384807558153738,0.0,0,154.3,1,0.0,14.196844698819575,0,0,0,0,171.19160296594947,0,0,0,0,0,1,0,0,0.25,0,0.6880421818560744,2.0,0,3.18,2,0,3.03
25,1.0473172243351851,0,0.0,2,0,0.0,7.0,0,39.3,1,0,0,-26.21332591759056,8,19.181318821573765,1,0.0,0.7218975429043217,0,1,0,-2.470065935246804,-1.7114106459138188,0.0412257699900023,0.0,0,155.18,1,0.0,14.11738357175663,0,0,0,0,166.19199670415207,0,0,0,0,0,1,0,0,0.25,0,0.8082580039745423,2.0,-1,3.2,2,0,2.95
27,1.3808049958713606,0,0.0,2,0,0.0,0.0,0,39.3,1,0,0,-29.896563070368387,5,18.356992887543772,0,0.0,0.7048692041461937,0,1,0,-3.037572152213584,-1.473938126644143,0.0447351098721081,0.0,0,117.0,1,0.0,15.22109798307842,0,0,0,0,144.9914085338705,0,0,0,0,0,0,0,0,0.4,0,0.7759302367317907,1.0,0,2.94,2,0,2.12
28,-1.3717177352497711,0,-1.0467290337608433,2,0,0.0,0.0,0,39.3,1,0,0,-36.14166525567124,5,18.598915051518738,0,0.0,0.7151239957379678,0,1,0,-2.628687526206988,0.0,0.0498035285406461,0.0,0,118.3,1,0.0,14.44642691416415,1,0,0,0,116.84018181908333,0,0,0,0,0,0,1,0,0.4,0,0.763238636493066,1.0,0,2.93,0,0,2.06
29,2.7465111988263096,0,0.0,2,0,0.0,3.0,0,37.3,1,0,0,-21.17891174986713,4,19.85637346226349,1,0.0,0.6332140660674527,0,1,0,-0.6299740029729398,0.0,0.0551375633028044,0.0,0,83.72,1,0.0,13.857664796449882,1,0,0,0,136.27798744485057,0,0,0,0,0,1,0,0,0.0,0,0.4927333474593312,0.0,0,2.47,0,0,1.92
30,1.0472215467433978,0,0.0,2,0,0.0,4.0,0,37.3,1,0,0,-17.30269723704041,5,16.554013647885853,1,0.0,0.5399706270189355,0,1,0,2.5665684520172785,0.0,0.0507026175687657,0.0,0,98.32,1,0.0,14.147349429531223,1,0,0,0,160.68845734846897,0,0,0,0,0,1,0,0,0.0,0,0.8249752268420897,0.0,0,2.66,0,0,2.26
31,5.164810214650531e-05,0,0.0,2,0,0.0,5.0,0,37.3,1,0,0,-14.637306275249518,6,17.14943234202641,1,0.0,0.5701201812784207,0,1,0,0.0596730003026321,0.0,0.0486064839811568,0.0,0,113.35,1,0.0,14.31841187450095,1,0,0,0,183.29248689417105,0,0,0,0,0,1,0,0,0.0,0,0.8819441023858844,0.0,0,2.86,0,0,2.68
32,-1.0471424448600497,0,0.0,2,0,0.0,7.0,0,37.3,1,0,0,-12.596998132233406,8,7.118665215720119,1,0.0,0.7896975508791731,0,1,0,-2.5562044860799698,0.0,0.0425417609912928,0.0,0,145.6,1,0.0,14.213200498366394,1,0,0,0,224.69526115628696,0,0,0,0,0,1,0,0,0.0,0,0.64857051340506,0.0,0,3.14,0,0,3.24
33,-2.1676096274312733,0,0.0,2,0,0.0,0.0,0,37.3,1,0,0,-16.71489383167601,5,13.165660930494102,0,0.0,0.5677041561624285,0,1,0,2.852145155257229,0.0,0.0465283017808811,0.0,0,107.31,1,0.0,14.05323334628104,1,0,0,0,182.4656187244622,0,0,0,0,0,0,0,0,0.0,0,0.6536152540778717,0.0,0,2.9,0,0,2.29
34,-8.158294199012437e-06,0,0.0,2,0,0.0,3.5,0,37.3,1,0,0,-13.609751264631171,8,16.740703792660163,2,0.0,0.776863464692186,0,1,0,0.3925298683015398,0.0,0.0443449585538468,0.0,0,138.19,1,0.0,14.484587122541914,1,0,0,0,219.20696270393117,0,0,0,0,0,2,0,0,0.0,0,0.8634112364344613,0.0,0,3.2,0,0,3.27
39,-1.506332667247484e-06,0,0.0,3,2,0.0,2.0,1,46.53,1,0,0,-21.334637960161764,6,20.305376482980613,3,0.0,0.640948957369094,2,1,0,2.7461846604439746,0.0,0.0542869664364681,0.0,0,113.06,1,0.0,16.990519695938254,1,0,1,0,162.06424385898123,0,0,0,1,0,3,0,1,0.0,0,0.8863418186260281,0.0,0,2.8,0,0,1.54
41,0.6653838623138558,0,0.0,2,0,0.0,4.0,0,40.3,1,0,0,-36.49464740238179,6,0.4786735772335248,1,-3.1415426308279164,0.7551826882287898,0,1,0,-2.648245327416592,0.0,0.0373397997635106,0.0,0,130.38,1,0.0,14.118998572204276,0,0,0,1,213.56126529738904,0,0,2,0,0,1,0,0,0.5,0,0.7161804826385444,2.0,-1,2.93,0,1,2.88
42,2.73943652545974,0,-1.047193874282978,2,0,0.0,4.0,0,39.3,1,0,0,-32.67630514229666,6,22.669462471414807,1,0.0,0.5998691917241106,0,1,0,-3.120228865621272,0.0,0.0463783346559465,0.0,0,125.39,1,0.0,14.882806885916718,1,0,0,0,127.19072174647393,0,0,2,0,0,1,1,0,0.3333333333333333,0,0.6277195288562936,2.0,0,2.93,0,2,2.22
43,-1.43927858244038,0,0.0,2,0,0.0,4.0,0,38.3,1,1,0,-26.129187616698697,6,16.491148092704556,1,0.0,0.6458141075345936,0,1,0,-2.992379483010518,0.0,0.0507579493415174,1.04722135320336,0,119.46,1,0.0,14.04113254314738,1,0,0,0,159.3274200992412,0,0,2,0,0,1,0,0,0.1666666666666666,0,0.8506942937777201,2.0,0,2.9,0,2,2.11
44,-2.7282148296153284,0,0.0,2,0,0.0,3.0,0,40.3,1,0,0,-42.3649083199637,5,0.9198095431110276,1,1.0471512029221093,0.6724971165784714,0,1,0,-2.8986308662913864,0.0,0.0418977510245668,0.0,0,116.06,1,0.0,13.654480049169187,0,0,0,1,191.30629717730744,0,0,2,0,0,1,0,0,0.6,0,0.8933830274788859,2.0,-1,2.88,0,2,2.98
45,2.2430145323009443,0,0.0,2,0,0.0,3.0,0,40.3,1,0,0,-38.60939231003256,5,0.0,1,1.0464961783704314,0.6848130271678016,0,1,0,-2.687106083762377,0.0,0.0430302321860851,0.0,0,116.12,1,0.0,15.587311404034226,0,0,0,1,197.34768063677944,0,0,2,0,0,1,0,0,0.6,0,0.7936358600215251,2.0,-1,2.87,0,1,2.12
46,-2.636652471001042,0,-3.141592149295265,2,0,0.0,3.0,0,39.3,1,0,0,-41.116119352302334,5,29.6529540983078,1,0.0,0.6344759749408971,0,1,0,-2.6628046560004712,0.0,0.0491435615515878,0.0,0,111.42,1,0.0,14.0155158725808,1,0,0,0,97.51218444357885,0,0,2,0,0,1,1,0,0.4,0,0.8768385890322357,2.0,-1,2.88,0,2,2.28
47,-0.6499537706669832,0,3.1392460608160864,2,0,0.0,3.0,0,39.3,1,0,0,-39.122115736370645,5,23.813603137410265,1,0.0,0.7492587809847537,0,1,0,2.356817721892116,0.0,0.0469174897461607,0.0,0,110.85,1,0.0,14.297587746066045,1,0,0,0,101.31351155442248,0,0,2,0,0,1,1,0,0.4,0,0.5080799050260356,2.0,-1,2.75,0,1,2.35
48,-2.425296903905118,0,0.0,2,0,0.0,3.0,0,38.3,1,1,0,-31.451266215924704,5,24.31529800073715,1,0.0,0.6742527446752573,0,1,0,-2.5932881693808705,0.0,0.0561694339204862,1.0472053155211245,0,105.88,1,0.0,14.17988858829044,1,0,0,0,135.25500326426263,0,0,2,0,0,1,0,0,0.2,0,0.928441507217276,2.0,0,2.85,0,2,1.12
49,-2.733576602474755,0,0.0,2,0,0.0,3.0,0,37.3,1,0,0,-18.048125936982665,5,20.78924813265662,1,0.0,0.6285974469734138,0,1,0,-2.5027412258940505,0.0,0.0511926023790572,0.0,0,100.02,1,0.0,14.252234031858093,1,0,0,0,165.8688649715117,0,0,2,0,0,1,0,0,0.0,0,0.7667598716682484,0.0,0,2.81,0,2,2.42
50,-0.5130292260034436,0,0.0,2,0,0.0,3.0,0,37.3,1,0,0,-17.406283803217896,5,15.807798899591932,1,0.0,0.7229887604143188,0,1,0,2.788227389455145,0.0,0.0498088347008651,0.0,0,99.56,1,0.0,13.819958855955097,1,0,0,0,167.478328944974,0,0,2,0,0,1,0,0,0.0,0,0.4344441799756103,0.0,0,2.64,0,1,2.31
54,-0.4027281411278678,0,0.0,2,0,0.0,2.5,0,39.3,1,0,0,-38.65732998554312,6,23.37407340477044,2,0.0,0.7943767012216993,0,1,0,-2.8877236362330763,2.201727961599365,0.044296488990807,0.0,0,120.04,1,0.0,14.484191739185649,0,0,0,0,115.89050146707916,0,0,0,0,0,2,0,0,0.3333333333333333,0,0.6412310445619058,2.0,-1,2.89,2,0,2.66
55,0.0,1,0.0,0,0,-2.2048389292071167,3.0,1,28.02,0,0,0,-16.940435357676453,6,7.412865128243334,2,0.0,0.7362867970474188,0,0,0,0.0,-2.844774434705471,0.0352446953309879,0.0,0,116.31,0,0.0,10.906524800547963,0,0,0,0,185.6363657511909,0,0,3,0,1,2,0,1,0.3333333333333333,0,0.6535688493179275,2.0,0,2.8,2,2,2.23
56,0.0,1,0.0,0,0,-1.76963611544965,3.0,1,28.02,0,0,0,-17.38097898800428,6,8.598923548762269,2,0.0,0.7533120850449968,0,0,0,0.0,-2.7404420544483434,0.0352788221553065,0.0,0,116.12,0,0.0,10.747959976655064,0,0,0,0,184.94275715718703,0,0,3,0,1,2,0,1,0.3333333333333333,0,0.7018347438206075,2.0,0,2.78,2,1,2.47
57,0.0,1,0.0,0,0,0.7884718483017905,6.0,0,28.02,0,0,0,-15.494784304712097,6,0.0,1,0.0,0.7462150972744016,0,0,0,0.0,-2.734083646100285,0.0331072084393549,0.0,0,123.82,0,0.0,10.452837258190042,0,0,0,0,202.83670844010567,0,0,0,0,1,1,0,0,0.3333333333333333,0,0.5754646851032826,2.0,0,2.87,2,0,2.31
58,0.0,1,0.0,0,0,1.5466461676574088,6.0,0,26.02,0,0,0,-4.748484091271335,6,109.8126700351026,1,0.0,0.6174326530489427,0,0,0,0.0,0.0,0.037634006999398,0.0,0,112.24,0,0.0,8.866744542046902,1,0,0,0,254.7390393327895,0,0,0,0,1,1,0,0,0.0,0,0.5254276657029684,0.0,0,2.78,0,0,2.72
59,0.0,1,0.0,0,0,-1.1512420787000102,3.0,1,26.02,0,0,0,-5.158668566700779,6,59.54425490849066,2,0.0,0.8501290722504071,0,0,0,0.0,0.0,0.0353827641955877,0.0,0,105.88,0,0.0,8.839565111105218,1,0,0,0,245.3414983411921,0,0,3,0,1,2,0,1,0.0,0,0.5702527224295887,0.0,0,2.7,0,1,2.3
60,0.0,1,0.0,0,0,-1.873380902039058,3.0,1,26.02,0,0,0,-4.919435614267819,6,109.4997390377987,2,0.0,0.7222249427892329,0,0,0,0.0,0.0,0.0378194280714808,0.0,0,105.73,0,0.0,9.102344591002913,1,0,0,0,251.0761832033048,0,0,3,0,1,2,0,1,0.0,0,0.7503081365758767,0.0,0,2.76,0,2,2.19
61,0.0,1,0.0,0,2,0.0,2.0,1,15.03,0,0,0,-16.635291290787293,6,0.1023189878464665,3,3.1413290975034425,0.7505699181587168,2,0,0,0.0,0.0,0.0210488557121159,0.0,0,120.26,0,0.0,11.659450587065294,0,0,1,1,274.41736214560655,0,0,0,1,0,3,0,1,0.5,0,0.7404970060846187,3.0,0,2.72,0,0,1.93
62,0.0,1,0.0,0,1,0.0,5.0,0,15.03,0,0,0,-17.695037036129786,5,0.6218466166880408,1,-1.0472011788490745,0.5885962814715089,1,0,0,0.0,0.0,0.0243829216979937,0.0,0,112.97,0,0.0,12.401989379557598,0,0,0,1,271.73318734894764,0,0,0,0,0,1,0,0,0.6,0,0.6871393895102906,2.0,0,2.72,0,0,2.12
64,0.0,1,0.0,0,1,0.0,5.0,0,12.03,0,0,0,-3.8991210580713127,4,73.7491338855815,1,0.0,0.5491078654978186,1,0,0,0.0,0.0,0.0364521685065292,0.0,0,80.76,0,0.0,8.084861959131718,1,0,0,0,214.68604371712087,0,0,0,0,0,1,0,0,0.0,0,0.2857161364457449,0.0,0,2.34,0,0,1.19
66,0.0,1,0.0,0,1,0.0,3.5,1,15.03,0,0,0,-15.021862217054684,7,0.1084972516026432,2,3.141580190883612,0.8002783287235606,1,0,0,0.0,0.0,0.019668034916029,0.0,0,134.78,0,0.0,11.97173591790953,0,0,1,1,289.50766346993663,0,0,0,1,0,2,0,1,0.4285714285714285,0,0.7088373089452366,3.0,0,2.86,0,0,2.2
67,0.0,1,0.0,0,2,0.0,2.67,1,15.03,0,0,0,-13.303890101190229,8,0.114676151706168,3,-1.0471612447858878,0.9301444275816604,2,0,0,0.0,0.0,0.0213387464978359,0.0,0,151.15,0,0.0,12.727607096870784,0,0,1,1,308.72515397183554,0,0,0,1,0,3,0,1,0.375,0,0.6101410357351497,3.0,0,3.02,0,0,2.51
68,0.0,1,0.0,0,1,0.0,6.0,0,15.03,0,0,0,-15.139432118488186,6,0.2197597340508357,1,-3.1415667809936574,0.5980347412990598,1,0,0,0.0,0.0,0.0231736879472337,0.0,0,128.63,0,0.0,13.5628588609996,0,0,0,1,297.842740441624,0,0,0,0,0,1,0,0,0.5,0,0.5851234407622666,2.0,0,2.97,0,0,2.54
69,0.0,1,0.0,0,1,0.0,3.5,1,12.03,0,0,0,-4.3412905995334725,6,56.799362884680775,2,0.0,0.8687485293334396,1,0,0,0.0,0.0,0.0310371508768349,0.0,0,102.71,0,0.0,7.525724625507351,1,0,1,0,233.92289065788745,0,0,0,1,0,2,0,1,0.0,0,0.4604887470163242,0.0,0,2.54,0,0,1.65
70,0.0,1,0.0,0,2,0.0,2.67,1,12.03,0,0,0,-3.4503518111125384,8,72.46559474279975,3,0.0,0.8921226261147582,2,0,0,0.0,0.0,0.0298416922865278,0.0,0,135.15,0,0.0,8.455394269080593,1,0,1,0,287.1046216385895,0,0,0,1,0,3,0,1,0.0,0,0.5741607963161224,0.0,0,2.98,0,0,2.66
72,0.0,1,0.0,0,1,0.0,6.0,0,12.03,0,0,0,-3.028724297328809,5,84.02424523290729,1,0.0,0.560811830789086,1,0,0,0.0,0.0,0.0364074954018465,0.0,0,96.08,0,0.0,8.80505866225216,1,0,0,0,242.6892370128164,0,0,0,0,0,1,0,0,0.0,0,0.3336512394934317,0.0,0,2.58,0,0,1.39
73,0.0,1,0.0,0,1,0.0,4.0,1,15.03,0,0,0,-13.188726807092303,8,0.1146981129844174,2,1.0471661229690703,0.8354239187323663,1,0,0,0.0,0.0,0.0210485284278226,0.0,0,150.69,0,0.0,13.02682761339544,0,0,1,1,310.1540284817729,0,0,0,1,0,2,0,1,0.375,0,0.5993954453049811,2.0,0,3.06,0,0,2.67
74,0.0,1,0.0,0,1,0.0,4.0,1,12.03,0,0,0,-2.8808474029418587,7,90.03124788229277,2,0.0,0.8210285999012641,1,0,0,0.0,0.0,0.0346001042955281,0.0,0,118.39,0,0.0,8.703456769998477,1,0,1,0,269.0217814828212,0,0,0,1,0,2,0,1,0.0,0,0.4264253948616889,0.0,0,2.8,0,0,1.88
75,0.0,1,0.0,0,1,0.0,4.0,1,12.03,0,0,0,-3.719154219938331,8,70.13875202144092,2,0.0,0.900823132693917,1,0,0,0.0,0.0,0.0292056604429753,0.0,0,134.59,0,0.0,8.342261322289374,1,0,1,0,283.9289336093305,0,0,0,1,0,2,0,1,0.0,0,0.5610676095373368,0.0,0,2.97,0,0,2.41
76,0.0,1,0.0,0,1,0.0,4.5,1,14.03,0,0,0,-9.35505742636052,8,0.0,2,0.0,0.8879606913886274,1,0,0,0.0,2.521477047169695,0.0304427524046238,0.0,0,144.84,0,0.0,11.252780474449692,0,0,1,0,233.82306274109385,0,0,0,1,0,2,0,1,0.25,0,0.5526668925360673,4.0,0,3.01,2,0,1.59
77,0.0,1,0.0,0,1,0.0,4.5,1,16.03,0,0,0,-29.93532095285192,8,0.0,2,0.0,0.9330308057914132,1,0,0,0.0,-1.2969352436492705,0.0268863819510422,0.0,0,154.78,0,0.0,11.262069608921024,0,0,1,0,187.4137500643768,0,0,0,1,0,2,0,1,0.5,0,0.4361369694379315,6.0,0,3.01,4,0,1.84
78,0.0,1,0.0,0,1,0.0,4.5,1,14.03,0,0,0,-12.176623330779975,8,0.0,2,0.0,0.8857033155023167,1,0,0,0.0,-2.969739425759355,0.0270295060801115,0.0,0,144.33,0,0.0,10.553237978607402,0,0,1,0,230.58518199341864,0,0,0,1,0,2,0,1,0.25,0,0.4690836060104572,2.0,0,2.96,2,0,2.18
79,0.0,1,0.0,0,1,0.0,4.5,1,12.03,0,0,0,-3.05343776869273,8,69.80233036196336,2,0.0,0.9062576665616046,1,0,0,0.0,0.0,0.0315231745006452,0.0,0,133.74,0,0.0,9.222276522984163,1,0,1,0,275.49058624326574,0,0,0,1,0,2,0,1,0.0,0,0.4138027514049006,0.0,0,2.91,0,0,2.36
80,0.0,1,0.0,1,2,0.0,4.5,1,23.26,0,0,0,-23.37638530329152,7,0.0,2,0.0,0.9157235991197747,2,0,0,0.0,3.0337806847257376,0.0375369742534813,0.0,0,135.82,0,0.0,12.88355499753134,0,0,1,0,209.346344072206,0,0,0,1,0,2,0,1,0.2857142857142857,0,0.3916831244528449,2.0,0,2.86,2,0,1.19
81,0.0,1,0.0,1,2,0.0,4.5,1,21.26,0,0,0,-5.094740410105151,7,143.5549552538719,2,0.0,0.8368539184112628,2,0,0,0.0,0.0,0.0439888923326127,0.0,0,126.18,0,0.0,11.001328581556466,1,0,1,0,259.2236997189422,0,0,0,1,0,2,0,1,0.0,0,0.5367621156043124,0.0,0,2.87,0,0,0.84
84,0.0,1,0.0,0,1,0.0,4.0,1,14.03,0,0,0,-14.593607123843055,7,0.0,2,0.0,0.847967831608704,1,0,0,0.0,3.026818286085861,0.0301248924180909,0.0,0,127.77,0,0.0,10.012807404316003,0,0,1,0,212.80856108401784,0,0,0,1,0,2,0,1,0.2857142857142857,0,0.4393866937909215,2.0,0,2.81,2,0,2.09
85,0.0,1,0.0,0,1,0.0,4.0,1,12.03,0,0,0,-3.026447274141851,7,77.24749339019965,2,0.0,0.8088972740160277,1,0,0,0.0,0.0,0.0335865345531782,0.0,0,118.3,0,0.0,9.103080823561216,1,0,1,0,263.51883209758955,0,0,0,1,0,2,0,1,0.0,0,0.5134963398083366,0.0,0,2.78,0,0,2.31
86,0.0,1,0.0,0,1,0.0,6.0,0,14.03,0,0,0,-18.761225548067262,5,0.0,1,0.0,0.5688292609272105,1,0,0,0.0,-2.978254808602243,0.0327681257771497,0.0,0,106.47,0,0.0,9.745092525622216,0,0,0,0,186.92461539597983,0,0,0,0,0,1,0,0,0.4,0,0.3552743802930684,2.0,0,2.62,2,0,1.51
87,0.0,1,0.0,0,1,0.0,4.0,0,12.03,0,0,0,-4.605676265552848,3,68.52287718703249,1,0.0,0.5408099034288243,1,0,0,0.0,0.0,0.0383452686813258,0.0,0,65.14,0,0.0,7.743950422801084,1,0,0,0,189.576606321232,0,0,0,0,0,1,0,0,0.0,0,0.292864035963577,0.0,0,2.1,0,0,1.13
90,0.0,1,0.0,0,1,0.0,5.0,0,12.03,0,0,0,-4.846220703800751,4,51.57852349150551,1,0.0,0.6520237588383407,1,0,0,0.0,0.0,0.0319179521247094,0.0,0,80.58,0,0.0,7.469709418763,1,0,0,0,206.03577404850063,0,0,0,0,0,1,0,0,0.0,0,0.2930864193546329,0.0,0,2.28,0,0,1.19
91,0.0,1,0.0,0,1,0.0,5.0,0,13.03,0,0,0,-10.556284474790964,4,82.91746970088958,1,0.0,0.6464791663170608,1,0,0,0.0,0.0,0.0365850780350885,0.0,2,85.82,0,-1.9049472325593195,9.130213910194552,1,0,0,0,179.48833284158124,0,0,0,0,0,1,0,0,0.25,0,0.3284791765947834,2.0,0,2.33,0,0,0.91
92,0.0,1,0.0,0,1,0.0,5.0,0,14.03,0,0,0,-21.55384682794845,4,0.3918621818497305,1,0.0,0.5885615585764054,1,0,0,0.0,2.2794072807210086,0.0323497658998792,0.0,0,91.26,0,0.0,10.166325914322965,0,0,0,0,154.80935263627927,0,0,0,0,0,1,0,0,0.5,0,0.3690626890250174,2.0,0,2.39,2,0,1.35
93,0.0,1,0.0,0,1,0.0,5.0,0,14.03,0,0,0,-24.00754789475732,4,14.037178289868349,1,0.0,0.6214662623438268,1,0,0,0.0,0.0,0.0395829985773031,0.0,4,91.29,0,-2.9029325834636,11.10267969027999,1,0,0,0,153.3601148045705,0,0,2,0,0,1,0,0,0.5,0,0.3582576937283078,4.0,0,2.38,0,1,1.01
95,0.0,1,0.0,0,1,0.0,6.0,0,13.03,0,0,0,-6.933646669147641,5,118.14906232613856,1,0.0,0.5948829916548615,1,0,0,0.0,0.0,0.0394650683614562,0.0,2,100.97,0,-0.8629817092009082,10.39535026333485,1,0,0,0,217.76657442899307,0,0,0,0,0,1,0,0,0.2,0,0.3178870517511228,2.0,0,2.59,0,0,1.26
97,0.0,1,0.0,0,1,0.0,6.0,0,14.03,0,0,0,-26.17385498046721,5,135.21581137189577,1,0.0,0.5958611638541483,1,0,0,0.0,0.0,0.0353620083255451,0.0,4,106.58,0,-3.054492378440246,9.78325476407208,1,0,0,0,170.58870232884505,0,0,2,0,0,1,0,0,0.4,0,0.4256840062098966,4.0,0,2.61,0,1,0.58
98,0.0,1,0.0,0,1,0.0,6.0,0,14.03,0,0,0,-23.108202107944877,5,147.91118561396647,1,0.0,0.6831964398571216,1,0,0,0.0,0.0,0.0377521986919224,0.0,4,106.89,0,-2.166990506069909,10.373055601685806,1,0,0,0,180.872944326762,0,0,2,0,0,1,0,0,0.4,0,0.4875236287773297,4.0,0,2.62,0,2,1.35
99,0.0,1,0.0,0,1,0.0,6.0,0,13.03,0,0,0,-6.510322750299345,5,100.76197594873548,1,0.0,0.632547234909336,1,0,0,0.0,0.0,0.037088003291576,0.0,2,101.2,0,-0.902373398301724,10.11027537637754,1,0,0,0,212.2175090201453,0,0,0,0,0,1,0,0,0.2,0,0.373076474471931,2.0,0,2.6,0,0,1.31
100,0.0,1,0.0,0,1,0.0,6.0,0,14.03,0,0,0,-15.08112789085078,5,6.123088871086298,1,0.0,0.5962083477705359,1,0,0,0.0,0.0,0.0370458608225549,0.0,4,106.57,0,1.4220442421534736,11.621823860851364,1,0,0,0,180.81702004439177,0,0,2,0,0,1,0,0,0.4,0,0.3651779464481849,4.0,0,2.62,0,1,1.15
101,0.0,1,0.0,0,1,0.0,6.0,0,14.03,0,0,0,-16.02093919103602,5,8.519080168467893,1,0.0,0.5817606416735754,1,0,0,0.0,0.0,0.0354004654720054,0.0,4,106.9,0,-0.7651651520813683,11.411174831748816,1,0,0,0,177.59674008184936,0,0,2,0,0,1,0,0,0.4,0,0.371018489087168,4.0,0,2.63,0,2,1.26
102,0.0,1,0.0,0,0,-1.4731142154092016,4.0,0,29.02,0,0,0,-18.68360956118444,5,0.2155472987805934,1,-1.047447970222865,0.8021762708641615,0,0,0,0.0,0.0,0.0263063602935108,0.0,0,113.77,0,0.0,12.60832566801243,0,0,0,1,267.23994584257974,0,0,0,0,1,1,0,0,0.6,0,0.6440620683941827,1.0,0,2.68,0,0,2.51
103,0.0,1,-1.0471334616480552,0,0,1.5599373975959478,4.0,0,28.02,0,0,0,-16.548715354538576,5,3.591881323556819,1,0.0,0.7845863830548403,0,0,0,0.0,0.0,0.0331889376719305,0.0,0,108.86,0,0.0,11.68951355144836,1,0,0,0,177.51638118995118,0,0,0,0,1,1,1,0,0.4,0,0.6742981770333765,1.0,0,2.64,0,0,2.48
106,0.0,1,0.0,0,0,-0.0893706513908038,4.0,0,29.02,0,0,0,-21.378993891645575,5,0.3233609764158326,1,-1.0472047046555772,0.6998550587234335,0,0,0,0.0,0.0,0.0293181189255953,0.0,0,113.81,0,0.0,11.102561134911824,0,0,0,1,262.4206529873001,0,0,0,0,1,1,0,0,0.6,0,0.6334926834744109,2.0,0,2.74,0,2,2.82
107,0.0,1,0.0,0,0,-2.469316081572705,4.0,0,29.02,0,0,0,-21.067285899619897,5,0.2155739842772217,1,3.141556181699978,0.7939655460007901,0,0,0,0.0,0.0,0.0284195848604639,0.0,0,113.86,0,0.0,11.398004479714343,0,0,0,1,262.4083843059427,0,0,0,0,1,1,0,0,0.6,0,0.5816947083013514,2.0,0,2.73,0,1,2.62
108,0.0,1,-1.047236802889063,0,0,2.993253564968112,4.0,0,28.02,0,0,0,-19.48778677418744,5,4.430744093270369,1,0.0,0.7333153666056985,0,0,0,0.0,0.0,0.0352487998501463,0.0,0,108.82,0,0.0,10.469818786176685,1,0,0,0,169.9562540049674,0,0,0,0,1,1,1,0,0.4,0,0.6309997858207242,2.0,0,2.72,0,2,1.97
109,0.0,1,-1.0471934891833836,0,0,2.8405348360424707,4.0,0,28.02,0,0,0,-17.324529008445232,5,7.5955613027492035,1,0.0,0.8058785571132024,0,0,0,0.0,0.0,0.0392165069640632,0.0,0,108.58,0,0.0,11.14736993479885,1,0,0,0,175.8456094537498,0,0,0,0,1,1,1,0,0.4,0,0.6712949601926429,2.0,0,2.7,0,1,1.98
110,0.0,1,0.0,0,0,1.256639451558032,4.0,0,27.02,0,1,0,-10.261374099258145,5,88.42418951303335,1,0.0,0.7099097569393543,0,0,0,0.0,0.0,0.0410728447457444,-1.0472200831665652,0,102.97,0,0.0,10.238194592350002,1,0,0,0,203.91984502463217,0,0,0,0,1,1,0,0,0.2,0,0.6375744346865097,2.0,0,2.69,0,2,1.78
111,0.0,1,0.0,0,0,1.0853477396610558,4.0,0,27.02,0,1,0,-10.17369987794032,5,98.8320127762899,1,0.0,0.7187480092092772,0,0,0,0.0,0.0,0.0420836272867971,1.0471099636577934,0,103.46,0,0.0,10.382594343794317,1,0,0,0,204.51613307626067,0,0,0,0,1,1,0,0,0.2,0,0.7126027860146485,2.0,0,2.71,0,1,1.77
112,0.0,1,0.0,0,1,0.0,6.0,0,15.03,0,0,0,-15.096111514258844,6,0.2197597340508357,1,1.0472041080870491,0.5901884179890671,1,0,0,0.0,0.0,0.0236492204526912,0.0,0,129.1,0,0.0,13.608496138328167,0,0,0,1,298.5919208106533,0,0,0,0,0,1,0,0,0.5,0,0.5958572814387458,2.0,0,2.97,0,0,2.54
113,0.0,1,1.0471939751606505,0,1,0.0,6.0,0,14.03,0,0,0,-11.84705711217952,6,8.76431882938273,1,0.0,0.6207946458343392,1,0,0,0.0,0.0,0.0340377087904506,0.0,0,123.56,0,0.0,12.9046779086188,1,0,0,0,211.36519837472065,0,0,0,0,0,1,1,0,0.3333333333333333,0,0.6240232263115575,2.0,0,2.93,0,0,2.04
114,0.0,1,0.0,0,1,0.0,6.0,0,13.03,0,1,0,-8.088744222726383,6,56.43432790547711,1,0.0,0.6043915781113224,1,0,0,0.0,0.0,0.0344279035638303,1.0470877064377002,0,118.46,0,0.0,10.480549777441093,1,0,0,0,234.71263985336375,0,0,0,0,0,1,0,0,0.1666666666666666,0,0.5352833467315358,2.0,0,2.88,0,0,2.0
115,0.0,1,0.0,0,1,0.0,6.0,0,12.03,0,0,0,-3.1034841246144587,5,85.63898707677923,1,0.0,0.5876324307973995,1,0,0,0.0,0.0,0.0364488973410329,0.0,0,95.94,0,0.0,8.656439265406581,1,0,0,0,240.87296381404383,0,0,0,0,0,1,0,0,0.0,0,0.3252375622585394,0.0,0,2.57,0,0,1.39
116,0.0,1,0.0,0,1,0.0,5.0,0,15.03,0,0,0,-17.415465662572892,5,0.3109233083440204,1,-1.047194565038969,0.6778125818655801,1,0,0,0.0,0.0,0.022642901944729,0.0,0,113.0,0,0.0,12.28559615123242,0,0,0,1,263.76954594060726,0,0,0,0,0,1,0,0,0.6,0,0.6695003185765837,2.0,0,2.7,0,0,2.12
117,0.0,1,1.0471675070964643,0,1,0.0,5.0,0,14.03,0,0,0,-14.420878523339596,5,4.930604175708893,1,0.0,0.670246346273359,1,0,0,0.0,0.0,0.0313276401815728,0.0,0,107.48,0,0.0,11.558037718197625,1,0,0,0,179.22515685606226,0,0,0,0,0,1,1,0,0.4,0,0.61200916498398,2.0,0,2.66,0,0,1.88
118,0.0,1,0.0,0,1,0.0,5.0,0,13.03,0,1,0,-9.201248101739816,5,91.29503011121534,1,0.0,0.621224462326784,1,0,0,0.0,0.0,0.0372645462091965,-1.0472135270064502,0,102.65,0,0.0,10.294822019885162,1,0,0,0,215.02205647128304,0,0,0,0,0,1,0,0,0.2,0,0.6646655519148158,2.0,0,2.68,0,0,1.75
119,0.0,1,0.0,0,1,0.0,5.0,0,12.03,0,0,0,-4.677666859537789,4,53.00559726399776,1,0.0,0.6359211521283942,1,0,0,0.0,0.0,0.0326096294327236,0.0,0,80.48,0,0.0,7.571427555359402,1,0,0,0,207.79816327938065,0,0,0,0,0,1,0,0,0.0,0,0.3059452619580363,0.0,0,2.29,0,0,1.19
120,0.0,1,0.0,0,1,0.0,4.0,0,15.03,0,0,0,-20.884094341827076,4,0.4876218928746362,1,-3.1415877990594177,0.6177602971732395,1,0,0,0.0,0.0,0.0237563415337784,0.0,0,97.98,0,0.0,11.485705768131044,0,0,0,1,248.4309098291047,0,0,0,0,0,1,0,0,0.75,0,0.7271551439517541,2.0,0,2.5,0,0,1.75
121,0.0,1,1.0473477158500413,0,1,0.0,4.0,0,14.03,0,0,0,-17.526902036660527,4,4.678610694188518,1,0.0,0.6266764983879467,1,0,0,0.0,0.0,0.0353846213326147,0.0,0,92.58,0,0.0,11.322843754277894,1,0,0,0,157.1623760352955,0,0,0,0,0,1,1,0,0.5,0,0.7471571298002841,2.0,0,2.5,0,0,1.51
122,0.0,1,0.0,0,1,0.0,4.0,0,13.03,0,1,0,-12.955116160345506,4,77.30061404937489,1,0.0,0.6326487321089455,1,0,0,0.0,0.0,0.0356608770527436,-1.0472520038404796,0,87.34,0,0.0,8.98532262116835,1,0,0,0,177.8622022028675,0,0,0,0,0,1,0,0,0.25,0,0.6790968623778465,2.0,0,2.43,0,0,1.4
130,0.0,1,0.0,0,1,0.0,6.0,0,13.03,0,1,0,-8.916770382530755,6,80.49253122379525,1,0.0,0.6134579614123067,1,0,0,0.0,0.0,0.0337961410268291,1.047179407915715,0,118.06,0,0.0,9.410899219647794,1,0,0,0,223.1462445719888,0,0,0,0,0,1,0,0,0.1666666666666666,0,0.6422838373782467,2.0,0,2.81,0,0,1.52
132,0.0,1,1.0471913284597023,0,1,0.0,5.0,0,14.03,0,0,0,-15.469867289111756,5,6.702013653562004,1,0.0,0.6282504625393658,1,0,0,0.0,0.0,0.0365870228208366,0.0,0,107.48,0,0.0,10.934114532045424,1,0,0,0,180.9823346812884,0,0,0,0,0,1,1,0,0.4,0,0.6876058285014618,2.0,0,2.69,0,0,1.4
133,0.0,1,0.0,0,1,0.0,5.0,0,13.03,0,1,0,-9.09059727400116,5,94.1933608181072,1,0.0,0.7034131313986224,1,0,0,0.0,0.0,0.03973728544582,-1.0472428265500242,0,102.23,0,0.0,9.3314201771533,1,0,0,0,214.7931725182504,0,0,0,0,0,1,0,0,0.2,0,0.5137099296880142,2.0,0,2.63,0,0,1.4
134,0.0,1,0.0,0,1,0.0,4.0,0,15.03,0,0,0,-27.927411095755232,4,0.3972150963667773,1,-3.141462905268924,0.6589667081744836,1,0,0,0.0,0.0,0.0241372042963305,0.0,0,97.85,0,0.0,10.0675231168531,0,0,0,1,234.2843134393904,0,0,0,0,0,1,0,0,0.75,0,0.8831096367610483,2.0,0,2.45,0,0,1.66
135,0.0,1,1.0472991132516836,0,1,0.0,4.0,0,14.03,0,0,0,-23.3052565779033,4,5.714436735106119,1,0.0,0.5947681283280785,1,0,0,0.0,0.0,0.0376268552414098,0.0,0,92.05,0,0.0,10.353966547564475,1,0,0,0,152.88457403865738,0,0,0,0,0,1,1,0,0.5,0,0.8060612404231347,2.0,0,2.46,0,0,1.4
136,0.0,1,0.0,0,1,0.0,4.0,0,13.03,0,1,0,-18.46927198787143,4,106.05281527224878,1,0.0,0.57049880825873,1,0,0,0.0,0.0,0.0390899664857943,-3.1415366690267663,0,87.04,0,0.0,8.383642790319442,1,0,0,0,177.56126810846024,0,0,0,0,0,1,0,0,0.25,0,0.7323207246916428,2.0,0,2.42,0,0,0.93
137,0.0,1,0.0,0,0,-0.6201510193203947,0.0,0,29.02,0,0,0,-26.650769258752867,3,0.511163407317828,0,3.141586556986736,0.583501517742357,0,0,0,0.0,0.0,0.0314520168327244,0.0,0,89.64,0,0.0,11.30777654700781,0,0,0,1,231.3955282864577,0,0,0,0,1,0,0,0,1.0,0,0.5794156663616521,1.0,0,2.41,0,0,1.93
138,0.0,1,-3.141589135790837,0,0,-2.483622250369353,0.0,0,28.02,0,0,0,-19.21354309672379,3,7.138520664938822,0,0.0,0.6082703782448189,0,0,0,0.0,0.0,0.0441667470827526,0.0,0,85.09,0,0.0,11.91435485041402,1,0,0,0,145.70623148202182,0,0,0,0,1,0,1,0,0.6666666666666666,0,0.50555873866762,1.0,0,2.43,0,0,1.49
139,0.0,1,0.0,0,0,0.6665182231578167,0.0,0,27.02,0,1,0,-12.388330766371745,3,99.01814487287936,0,0.0,0.569550838642207,0,0,0,0.0,0.0,0.0437632065668689,-3.14156110168211,0,79.87,0,0.0,10.089187159653232,1,0,0,0,160.74361958567286,0,0,0,0,1,0,0,0,0.3333333333333333,0,0.8222372519956794,1.0,0,2.39,0,0,1.28
141,0.0,1,0.0,0,1,0.0,6.0,0,15.03,0,0,0,-15.00882204281632,6,0.3244759905858601,1,3.141570577142688,0.6376119298323288,1,0,0,0.0,0.0,0.0272768015145209,0.0,0,128.63,0,0.0,12.298357040919742,0,0,0,1,291.3117065812521,0,0,0,0,0,1,0,0,0.5,0,0.6158412843222035,2.0,0,2.9,0,0,2.2
142,0.0,1,1.047194493893935,0,1,0.0,6.0,0,14.03,0,0,0,-12.171216687081802,6,7.150318535820773,1,0.0,0.6333310792787643,1,0,0,0.0,0.0,0.0349140655573751,0.0,0,123.14,0,0.0,11.48034610814739,1,0,0,0,201.99339484406465,0,0,0,0,0,1,1,0,0.3333333333333333,0,0.6106164399182831,2.0,0,2.86,0,0,1.67
143,0.0,1,0.0,0,1,0.0,6.0,0,13.03,0,1,0,-7.561111550976551,6,75.23498454700864,1,0.0,0.6279618380681369,1,0,0,0.0,0.0,0.034808443256566,-1.047357748717894,0,118.21,0,0.0,10.115107021077597,1,0,0,0,225.02598875848884,0,0,0,0,0,1,0,0,0.1666666666666666,0,0.6153583470292671,2.0,0,2.81,0,0,1.45
145,0.0,1,1.0471655283414465,0,0,-1.2051493840470875,0.0,0,28.02,0,0,0,-17.979457700539307,4,5.987755752794247,0,0.0,0.5381160854431367,0,0,0,0.0,0.0,0.0384968630884434,0.0,0,101.58,0,0.0,11.426016554134318,1,0,0,0,164.11785725392284,0,0,0,0,1,0,1,0,0.5,0,0.6970818743668794,1.0,0,2.76,0,0,1.76
146,0.0,1,0.0,0,0,2.380334298423382,0.0,0,29.02,0,0,0,-21.937035068039403,4,0.3222541376481652,0,1.047211758802477,0.5491441818394533,0,0,0,0.0,0.0,0.0304145710843813,0.0,0,107.42,0,0.0,11.895772981875302,0,0,0,1,261.30745568752883,0,0,0,0,1,0,0,0,0.75,0,0.8211156915295937,1.0,0,2.84,0,0,2.28
147,0.0,1,0.0,0,0,0.1015577830314636,0.0,0,26.02,0,0,0,-5.358904687159864,3,45.77030714314906,0,0.0,0.5354601514700499,0,0,0,0.0,0.0,0.0384342320876543,0.0,0,74.04,0,0.0,8.593741094578412,1,0,0,0,200.3537686312756,0,0,0,0,1,0,0,0,0.0,0,0.5715195946303352,0.0,0,2.33,0,0,1.72
149,0.0,1,0.0,0,0,2.9300298193300955,4.0,0,28.02,0,0,0,-18.99363492736525,4,2.049796067363115,1,0.0,0.5802523454141993,0,0,0,0.0,-2.6064930978753025,0.036311674637355,0.0,0,92.01,0,0.0,11.333120842057903,0,0,0,0,158.79573381203858,0,0,0,0,1,1,0,0,0.5,0,0.5821936937264944,2.0,0,2.44,2,0,1.7
150,0.0,1,0.0,0,0,-2.943123761846574,4.0,0,28.02,0,0,0,-20.826202466567054,4,2.653093021446074,1,0.0,0.7082014140344505,0,0,0,0.0,2.604737187359583,0.0388678207236569,0.0,0,91.07,0,0.0,10.795925489639757,0,0,0,0,159.40890976783786,0,0,0,0,1,1,0,0,0.5,0,0.428255604457166,1.0,0,2.39,2,0,1.94
152,0.0,1,0.0,0,0,-0.620764450554893,5.0,0,28.02,0,0,0,-18.341326149436732,5,0.1465740296158806,1,0.0,0.7555070203953832,0,0,0,0.0,1.654234735326316,0.0345094264277165,0.0,0,107.54,0,0.0,10.29470157413687,0,0,0,0,181.28407998506628,0,0,0,0,1,1,0,0,0.4,0,0.6009373379985979,2.0,0,2.64,2,0,2.02
153,0.0,1,0.0,0,0,1.8418408796797632,6.0,0,28.02,0,0,0,-14.3881337527518,6,0.0,1,0.0,0.6223701133496742,0,0,0,0.0,1.3119588661194466,0.0309898859950099,0.0,0,122.44,0,0.0,11.259401495196633,0,0,0,0,203.1480161816164,0,0,0,0,1,1,0,0,0.3333333333333333,0,0.5346762861786774,2.0,0,2.81,2,0,2.16
155,0.0,1,0.0,0,0,1.2617333726221198,6.0,0,28.02,0,0,0,-15.38459931073676,6,0.0,1,0.0,0.7267001039165825,0,0,0,0.0,-0.8384509996672175,0.0324910316285108,0.0,0,122.96,0,0.0,10.241073254111884,0,0,0,0,198.8250322812436,0,0,0,0,1,1,0,0,0.3333333333333333,0,0.5549651319194124,2.0,0,2.83,2,0,2.32
156,0.0,1,0.0,0,0,-0.9047014567236458,7.0,0,28.02,0,0,0,-12.513894900091923,7,0.0,1,0.0,0.7697123229698287,0,0,0,0.0,0.818842399796428,0.0310517966196951,0.0,0,138.39,0,0.0,11.806262921061805,0,0,0,0,226.1632305498271,0,0,0,0,1,1,0,0,0.2857142857142857,0,0.4309622258864742,1.0,0,2.98,2,0,2.56
157,0.0,1,0.0,0,0,1.1011577656104017,7.0,0,28.02,0,0,0,-14.710723928759617,7,0.0,1,0.0,0.6729026580171652,0,0,0,0.0,0.6386400290226921,0.0313048810138502,0.0,0,138.52,0,0.0,10.478814227698386,0,0,0,0,217.99735120389056,0,0,0,0,1,1,0,0,0.2857142857142857,0,0.5225245099664655,2.0,0,3.0,2,0,2.57
160,0.0,1,0.0,0,0,-2.2998621990317725,0.0,0,28.02,0,0,0,-16.402586020331537,4,0.0,0,0.0,0.561941331137872,0,0,0,0.0,-1.2990503527907793,0.0340401150209154,0.0,0,101.23,0,0.0,10.612789853662232,0,0,0,0,171.82088019865088,0,0,0,0,1,0,0,0,0.5,0,0.7344508379750161,1.0,0,2.71,2,0,1.81
161,0.0,1,1.0471655283414465,0,0,-1.2051493840470875,0.0,0,28.02,0,0,0,-17.979457700539307,4,5.987755752794247,0,0.0,0.5381160854431367,0,0,0,0.0,0.0,0.0384968630884434,0.0,0,101.58,0,0.0,11.426016554134318,1,0,0,0,164.11785725392284,0,0,0,0,1,0,1,0,0.5,0,0.6970818743668794,1.0,0,2.76,0,0,1.76
163,0.0,1,0.0,0,0,0.500534665352095,5.0,0,26.02,0,0,0,-5.853674621507083,5,59.43799856686985,1,0.0,0.7629710454706405,0,0,0,0.0,0.0,0.0337657477535705,0.0,0,96.46,0,0.0,8.03370398539663,1,0,0,0,224.09909601516915,0,0,0,0,1,1,0,0,0.0,0,0.4219211645605032,0.0,0,2.52,0,0,2.23
164,0.0,1,0.0,0,0,-2.8654998609313096,7.0,0,26.02,0,0,0,-4.162071158750124,7,99.03395630685482,1,0.0,0.720929534461479,0,0,0,0.0,0.0,0.0367792549773484,0.0,0,128.33,0,0.0,9.216645801197748,1,0,0,0,273.44655986815894,0,0,0,0,1,1,0,0,0.0,0,0.4844114202358323,0.0,0,2.95,0,0,3.03
167,0.0,1,0.0,0,0,-0.7422456266690398,3.5,0,27.02,0,0,0,-8.686059689810623,7,94.42861301364556,2,0.0,0.7473224386043336,0,0,0,0.0,0.0,0.0378630657663171,0.0,2,126.7,0,-1.9607492877487904,10.43224181563531,1,0,0,0,240.4660071131035,0,0,0,0,1,2,0,0,0.1428571428571428,0,0.7131259783054138,2.0,0,3.0,0,0,2.39
169,0.0,1,0.0,0,0,-3.025164075930389,4.0,0,29.02,0,0,0,-22.06290228719596,5,0.5502486757624657,1,2.752734948286748,0.6727389489188741,0,0,0,0.0,0.0,0.0277986020944696,0.0,0,114.02,0,0.0,11.39678004863242,0,0,0,1,262.3285067316044,0,0,2,0,1,1,0,0,0.6,0,0.7040312378424092,2.0,0,2.72,0,2,2.54
170,0.0,1,0.6601148236496803,0,0,1.356709259108554,4.0,0,28.02,0,0,0,-19.641936925517506,5,7.087847836526724,1,0.0,0.6643017761301275,0,0,0,0.0,0.0,0.0370371022487173,0.0,0,108.7,0,0.0,10.80946323313761,1,0,0,0,175.22496053889978,0,0,2,0,1,1,1,0,0.4,0,0.6912671068175453,2.0,0,2.68,0,2,1.94
171,0.0,1,0.0,0,0,-0.4857712286807856,4.0,0,27.02,0,1,0,-12.578215757927968,5,120.44459493705732,1,0.0,0.6113314663660019,0,0,0,0.0,0.0,0.0417756477533305,0.6886984501445613,0,103.51,0,0.0,9.585372144168955,1,0,0,0,208.2157148663437,0,0,2,0,1,1,0,0,0.2,0,0.5933012385085592,2.0,0,2.68,0,2,1.85
172,0.0,1,0.0,0,0,0.2654982980721866,3.0,0,29.02,0,0,0,-26.47006803895544,4,0.3116353846456643,1,3.141538393341297,0.6937144337470391,0,0,0,0.0,0.0,0.0292890736260597,0.0,0,100.4,0,0.0,10.92947804153692,0,0,0,1,246.43394564272535,0,0,2,0,1,1,0,0,0.75,0,0.6657293836418091,2.0,0,2.6,0,2,1.79
173,0.0,1,0.0,0,0,-2.158287269933884,3.0,0,29.02,0,0,0,-24.84350121436803,4,0.0,1,-3.140926036583433,0.6966368489176735,0,0,0,0.0,0.0,0.0277597350290554,0.0,0,99.56,0,0.0,11.306940529954163,0,0,0,1,244.06649869527809,0,0,2,0,1,1,0,0,0.75,0,0.5776609625262316,2.0,0,2.56,0,1,2.16
174,0.0,1,-3.1415639311480663,0,0,-0.6521333214480884,3.0,0,28.02,0,0,0,-22.667604542948062,4,5.740005160134484,1,0.0,0.6613436034496092,0,0,0,0.0,0.0,0.0401332515445054,0.0,0,94.33,0,0.0,10.975461115576554,1,0,0,0,155.1631136681871,0,0,2,0,1,1,1,0,0.5,0,0.693143151378823,2.0,0,2.6,0,2,1.64
175,0.0,1,-3.141363163753962,0,0,2.143782182421804,3.0,0,28.02,0,0,0,-20.44474223331488,4,4.8336885559027225,1,0.0,0.696740201147752,0,0,0,0.0,0.0,0.042360342499652,0.0,0,94.7,0,0.0,11.743144508082866,1,0,0,0,164.31001554635722,0,0,2,0,1,1,1,0,0.5,0,0.5694267879198862,2.0,0,2.57,0,1,1.36
176,0.0,1,0.0,0,0,2.773058845411415,3.0,0,26.02,0,0,0,-5.7060038065389165,4,98.95891168285674,1,0.0,0.5525673479973042,0,0,0,0.0,0.0,0.041146784637,0.0,0,83.71,0,0.0,8.670753469834084,1,0,0,0,227.26677027913036,0,0,2,0,1,1,0,0,0.0,0,0.620640224374572,0.0,0,2.58,0,2,1.83
177,0.0,1,0.0,0,0,-2.536336807668325,3.0,0,26.02,0,0,0,-6.524602900950137,4,78.17754022945682,1,0.0,0.6787875848355174,0,0,0,0.0,0.0,0.0354635451364921,0.0,0,83.67,0,0.0,7.931815244875843,1,0,0,0,213.1942788487086,0,0,2,0,1,1,0,0,0.0,0,0.4922106226204106,0.0,0,2.44,0,1,1.64
180,0.0,1,0.0,0,0,-1.2311189088422905,2.5,0,26.02,0,0,0,-6.4760250875109975,5,71.6168242675371,2,0.0,0.6033288127554322,0,0,0,0.0,0.0,0.0331836255384665,0.0,0,92.34,0,0.0,8.165825257525277,1,0,0,0,222.4096664634429,0,0,0,0,1,2,0,0,0.0,0,0.8067131907035925,0.0,0,2.57,0,0,2.08
182,0.0,1,0.0,0,0,-2.270124470917846,2.5,0,28.02,0,0,0,-21.56448052361081,5,7.543901205894759,2,0.0,0.7058080440371977,0,0,0,0.0,-2.388743637233512,0.0353546938106894,0.0,0,103.53,0,0.0,11.165050910195957,0,0,0,0,172.17510829049928,0,0,0,0,1,2,0,0,0.4,0,0.756389007672506,2.0,0,2.7,2,0,2.04
